LogisticRegression,DecisionTreeClassifier,RandomForestClassifier,XGBClassifier,NeuralNetwork
3.882270112997503,0.019829594006296247,3.0117775950056966,12.213123310997616,31.28635611399659
